Ancienne URL;Nouvelle URL;Code
/index.html;/;301
/a-propos.html;/a-propos/;301
/pages/a-propos.html;/a-propos/;301
/approche.html;/approche/;301
/pages/approche.html;/approche/;301
/conseil-syndical.html;/conseil-syndical/;301
/pages/conseil-syndical.html;/conseil-syndical/;301
/contact.html;/contact/;301
/pages/contact.html;/contact/;301
/coproprietaire.html;/coproprietaire/;301
/pages/coproprietaire.html;/coproprietaire/;301
/faq.html;/faq/;301
/pages/faq.html;/faq/;301
/mentions-legales.html;/mentions-legales/;301
/pages/mentions-legales.html;/mentions-legales/;301
/plan-du-site.html;/plan-du-site/;301
/pages/plan-du-site.html;/plan-du-site/;301
/politique-confidentialite.html;/politique-confidentialite/;301
/pages/politique-confidentialite.html;/politique-confidentialite/;301
/ressources-assemblee-generale.html;/ressources-assemblee-generale/;301
/pages/ressources-assemblee-generale.html;/ressources-assemblee-generale/;301
/ressources-comparer-devis-perimetre-commun.html;/ressources-comparer-devis-perimetre-commun/;301
/pages/ressources-comparer-devis-perimetre-commun.html;/ressources-comparer-devis-perimetre-commun/;301
/ressources-contrat-chauffage-p1-p2-p3.html;/ressources-contrat-chauffage-p1-p2-p3/;301
/pages/ressources-contrat-chauffage-p1-p2-p3.html;/ressources-contrat-chauffage-p1-p2-p3/;301
/ressources-contrat-syndic.html;/ressources-contrat-syndic/;301
/pages/ressources-contrat-syndic.html;/ressources-contrat-syndic/;301
/ressources-droits-conseil-syndical.html;/ressources-droits-conseil-syndical/;301
/pages/ressources-droits-conseil-syndical.html;/ressources-droits-conseil-syndical/;301
/ressources-forfait-syndic-prestations-particulieres.html;/ressources-forfait-syndic-prestations-particulieres/;301
/pages/ressources-forfait-syndic-prestations-particulieres.html;/ressources-forfait-syndic-prestations-particulieres/;301
/ressources-lire-ses-charges.html;/ressources-lire-ses-charges/;301
/pages/ressources-lire-ses-charges.html;/ressources-lire-ses-charges/;301
/ressources-mise-en-concurrence-article-21.html;/ressources-mise-en-concurrence-article-21/;301
/pages/ressources-mise-en-concurrence-article-21.html;/ressources-mise-en-concurrence-article-21/;301
/ressources-preparer-budget-previsionnel.html;/ressources-preparer-budget-previsionnel/;301
/pages/ressources-preparer-budget-previsionnel.html;/ressources-preparer-budget-previsionnel/;301
/ressources-reconduction-tacite-contrats-entretien.html;/ressources-reconduction-tacite-contrats-entretien/;301
/pages/ressources-reconduction-tacite-contrats-entretien.html;/ressources-reconduction-tacite-contrats-entretien/;301
/ressources-registre-national.html;/ressources-registre-national/;301
/pages/ressources-registre-national.html;/ressources-registre-national/;301
/ressources-renovation-energetique.html;/ressources-renovation-energetique/;301
/pages/ressources-renovation-energetique.html;/ressources-renovation-energetique/;301
/ressources-reprendre-copropriete-pieces-a-rassembler.html;/ressources-reprendre-copropriete-pieces-a-rassembler/;301
/pages/ressources-reprendre-copropriete-pieces-a-rassembler.html;/ressources-reprendre-copropriete-pieces-a-rassembler/;301
/ressources.html;/ressources/;301
/pages/ressources.html;/ressources/;301
/services.html;/services/;301
/pages/services.html;/services/;301
/syndic-professionnel.html;/syndic-professionnel/;301
/pages/syndic-professionnel.html;/syndic-professionnel/;301
